Предложение,Тональность,Ссылка
"Андрей Бочаров выразил соболезнования в связи со смертью Владимира Жириновского
",Negative,https://riac34.ru/news/142612/
Губернатор Волгоградской области Андрей Бочаров выразил соболезнования в связи с уходом из жизни лидера Либерально-демократической партии России Владимира Жириновского,Negative,https://riac34.ru/news/142612/
Владимир Марченко встретился с жильцами нескольких многоквартирных домов на ул,Negative,https://riac34.ru/news/142637/
"Вопросы подготовки и своевременного старта работ на объектах обсуждались сегодня, 11 апреля, на оперативном совещании в администрации региона, которое провел губернатор Андрей Бочаров",Positive,https://riac34.ru/news/142761/
"Спортивную инфраструктуру сегодня, 12 апреля, проинспектировал глава города Владимир Марченко",Negative,https://riac34.ru/news/142836/
"Глава города Владимир Марченко поручил распределить события по времени и локациям так, чтобы жители и гости региональной столицы могли посетить каждое из них",Positive,https://riac34.ru/news/142839/
Глава Волгограда Владимир Марченко посетил один из пунктов временного размещения беженцев из Донецкой и Луганской народных республик в Ворошиловском районе,Positive,https://riac34.ru/news/142845/
губернатора Евгений Харичкин,Positive,https://riac34.ru/news/142881/
"Такое решение сегодня, 15 апреля, принял губернатор Волгоградской области Андрей Бочаров в ходе рабочей поездки на бывший проблемный объект долевого строительства",Positive,https://riac34.ru/news/142936/
Сегодня глава Волгограда Владимир Марченко проверил качество организации пребывания беженцев в пункте временного размещения в Тракторозаводском районе,Negative,https://riac34.ru/news/142948/
"Как сообщает пресс-служба представительского собрания, с ежегодным отчетом о работе сегодня, 15 апреля, перед депутатами выступил председатель надзорного органа Александр Мордвинцев",Negative,https://riac34.ru/news/142965/
Вместе с молодежью и ветеранами участвовала в наведении чистоты депутат Волгоградской городской Думы от Тракторозаводского района Ирина Фомина,Negative,https://riac34.ru/news/142967/
"Сегодня, 15 апреля, глава Волгограда Владимир Марченко побывал с рабочей поездкой в Советском районе",Negative,https://riac34.ru/news/142974/
В работе приняла участие председатель комитета экономической политики и развития Волгоградской области Галина Быкадорова,Negative,https://riac34.ru/news/143029/
"Сегодня, 18 апреля, глава Волгограда Владимир Марченко провел расширенное заседание городской антитеррористической комиссии Волгограда",Negative,https://riac34.ru/news/143043/
Сегодня губернатор Волгоградской области Андрей Бочаров провел рабочую встречу с руководителем Федерального агентства по туризму Зариной Догузовой,Positive,https://riac34.ru/news/143063/
"Сегодня, 19 апреля, губернатор Волгоградской области Андрей Бочаров представил план первоочередных действий по развитию экономики Волгоградской области в условиях санкций",Positive,https://riac34.ru/news/143088/
"Как сообщает пресс-служба регпарламента, к всероссийской акции присоединились председатель Облдумы Александр Блошкин, руководитель профильного парламентского комитета Наталья Семёнова, региональные депутаты Екатерина Мицукова, Михаил Струк и Денис Хлыбов",Negative,https://riac34.ru/news/143095/
Губернатор Андрей Бочаров провел выездное рабочее совещание на базе городской клинической больницы им,Negative,https://riac34.ru/news/143107/
"Андрей Бочаров принял участие в акциях, посвященных Национальному дню донора",Negative,https://riac34.ru/news/143117/
Сегодня Андрей Бочаров проинспектировал развитие медицинских учреждений,Positive,https://riac34.ru/news/143123/
"Сегодня, 20 апреля, ход работ проинспектировал глава города Владимир Марченко",Negative,https://riac34.ru/news/143144/
"Сегодня, 21 апреля 2022 года, губернатор Волгоградской области Андрей Бочаров провел прием граждан",Positive,https://riac34.ru/news/143154/
Губернатор Андрей Бочаров провел координационное совещание по обеспечению правопорядка в Волгоградской области во время организации и проведения праздничных мероприятий в Волгоградской области,Positive,https://riac34.ru/news/143211/
"Председатель Волгоградской городской Думы Владлен Колесников выступил на Всероссийском семинаре-совещании «Меры поддержки муниципалитетов в условиях современной реальности и существующих вызовов: механизмы и формы», который в московском Доме Союзов организовали комитет Государственной Думы РФ по региональной политике и местному самоуправлению, Всероссийская ассоциация развития местного самоуправления, Союз Российских городов и другие крупнейшие объединения российских муниципалитетов",Positive,https://riac34.ru/news/143225/
"Вместе с ними светлый праздник встретили глава региона Андрей Бочаров и мэр Волгограда Владимир Марченко
",Positive,https://riac34.ru/news/143254/
"Вместе с ними светлый праздник встретили глава региона Андрей Бочаров и мэр Волгограда Владимир Марченко
",Positive,https://riac34.ru/news/143254/
"Андрей Бочаров и Владимир Марченко встретили Пасху в храме Александра Невского
",Positive,https://riac34.ru/news/143254/
Вместе с ними светлый праздник встретили глава региона Андрей Бочаров и мэр Волгограда Владимир Марченко,Negative,https://riac34.ru/news/143254/
"Андрей Бочаров поздравил жителей Волгоградской области с Пасхой
",Positive,https://riac34.ru/news/143265/
"Губернатор Волгоградской области Андрей Бочаров поздравил митрополита Волгоградского и Камышинского Феодора, владыку Германа, епископов Елисея и Иоанна и всех православных жителей региона со светлым  праздником  Пасхи",Negative,https://riac34.ru/news/143265/
Андрей Бочаров поставил задачу навестить всех ветеранов Волгоградской области,Positive,https://riac34.ru/news/143273/
Сегодня Андрей Бочаров встретился с преподавателями и студентами Волгоградского государственного университета,Negative,https://riac34.ru/news/143322/
Сегодня Андрей Бочаров пообщался со студентами и преподавателями Волгоградского государственного социально-педагогического университета,Positive,https://riac34.ru/news/143329/
"Андрей Бочаров принял участие в совещании по вопросам обеспечения безопасности Юга России
",Positive,https://riac34.ru/news/143393/
"Как сообщает пресс-служба администрации Волгоградской области, в заседании приняли участие полпред президента РФ в ЮФО Владимир Устинов, главы всех южных регионов страны, в том числе волгоградский губернатор Андрей Бочаров и представители федеральных министерств и ведомств",Positive,https://riac34.ru/news/143393/
"Руководитель Волгоградского медуниверситета Владимир Шкарин представил возможности, которые дает обучение в ВолгГМУ",Negative,https://riac34.ru/news/143396/
"Вопросы реализации этих планов и импортозамещения в АПК были сегодня, 28 апреля, на выездном совещании рассадного комплекса «Росток» в Среднеахтубинском районе, которое провел глава региона Андрей Бочаров",Positive,https://riac34.ru/news/143428/
Свою оценку новому подвижному составу МУП «Метроэлектротранс» дал глава региона Андрей Бочаров,Positive,https://riac34.ru/news/143458/
"Андрей Бочаров поздравил волгоградцев с предстоящим праздником Весны и Труда
",Negative,https://riac34.ru/news/143466/
Губернатор Андрей Бочаров поздравил жителей Волгоградской области с грядущим праздником Весны и Труда,Positive,https://riac34.ru/news/143466/
Заместитель председателя комитета здравоохранения Волгоградской области Николай Алимов отметил важность соблюдения ПДД,Positive,https://riac34.ru/news/143481/
"Сегодня, 2 мая 2022 года, губернатор региона Андрей Бочаров и глава Волгограда Владимир Марченко провели выездное рабочее совещание по вопросам развития городских территорий",Positive,https://riac34.ru/news/143540/
Сегодня губернатор Андрей Бочаров провёл выездное совещание по вопросам обводнения Волго-Ахтубинской поймы,Positive,https://riac34.ru/news/143636/
"Председатель комитета Волгоградской областной Думы по охране здоровья, региональный координатор проекта «Здоровое будущее» партии «Единая Россия» Наталья Семёнова и руководитель облздрава Анатолий Себелев проинспектировали объекты здравоохранения в Ленинском районе",Positive,https://riac34.ru/news/143697/
Вместе с тысячами зрителей аудиовизуальное произведение посмотрели губернатор Андрей Бочаров и глава города-героя Владимир Марченко,Negative,https://riac34.ru/news/143726/
"По доброй традиции: Андрей Бочаров встретился с волгоградскими ветеранами в канун Дня Победы
",Positive,https://riac34.ru/news/143734/
В канун Дня Великой Победы губернатор Волгоградской области Андрей Бочаров по доброй традиции встретился с фронтовиками в Зале Воинской и Трудовой Славы,Positive,https://riac34.ru/news/143734/
Губернатор Волгоградской области Герой России Андрей Бочаров вместе с жителями и гостями региона почтил память защитников Отечества у Вечного огня на площади Павших Борцов,Positive,https://riac34.ru/news/143735/
"Андрей Бочаров провел совещание по вопросам безопасности
",Positive,https://riac34.ru/news/143736/
Губернатор Волгоградской области Андрей Бочаров провел совместное заседание президиума координационного совещания по обеспечению правопорядка и антитеррористической комиссии,Positive,https://riac34.ru/news/143736/
"В торжественных мероприятиях, которые проходят 20 Января, Волгограде, принимает участие заместитель министра внутренних дел Российской Федерации, генерал-лейтенант полиции Александр Кравченко",Negative,https://riac34.ru/news/143758/
"В нашем регионе их встретили первый вице-спикер облдумы Сергей Булгаков и председатель комитета по государственному строительству, местному самоуправлению и развитию территорий Михаил Струк",Negative,https://riac34.ru/news/143866/
В ней приняли участие спикер Волгоградской облдумы Александр Блошкин и мэр Волгограда Владимир Марченко,Positive,https://riac34.ru/news/143880/
В церемонии принял участие спикер Волгоградской облдумы Александр Блошкин,Negative,https://riac34.ru/news/143884/
"Развитие дорожной сети Дзержинского района Волгограда стало ключевой темой рабочей поездки, которую сегодня, 14 мая, совершил глава города Владимир Марченко",Positive,https://riac34.ru/news/143918/
Анна Кувычко займет пост замглавы Волгограда,Positive,https://riac34.ru/news/143946/
"Сегодня губернатор Волгоградской области Андрей Бочаров провёл выездное совещание, где были поставлены задачи по вводу в эксплуатацию лечебно-консультационного корпуса областного онкодиспансера",Positive,https://riac34.ru/news/143972/
"За аферу с грантом, как стало известно РИАЦ, под суд идут экс-директор ссуза Сергей Абрамов, его заместитель по учебно-производственной и профориентационной работе Дмитрий Вертяков и заместитель директора Центра опережающей профессиональной подготовки Светлана Сидорова",Positive,https://riac34.ru/news/144089/
"В мероприятии приняли участие директор Центра развития водохозяйственного комплекса РФ Илья Разбаш, заместитель губернатора Волгоградской области Анна Писемская, известная актриса театра и кино Анна Михайловская",Negative,https://riac34.ru/news/144176/
"Андрей Бочаров поставил задачи по организации летнего отдыха
",Negative,https://riac34.ru/news/144187/
"Такие данные озвучил сегодня, 23 мая, губернатор Андрей Бочаров, в ходе оперативного совещания в администрации региона, на котором решались организационные вопросы грядущей экзаменационной кампании и летних каникул в образовательных учреждениях",Positive,https://riac34.ru/news/144187/
Воронежец Юрий Сизов выиграл пятый этап чемпионата Волгоградской области по боулингу,Negative,https://riac34.ru/news/144188/
Задачу обеспечить готовность учреждений в срок до 30 мая сегодня на оперативном совещании поставил глава области Андрей Бочаров,Positive,https://riac34.ru/news/144231/
Выполненную работу оценили губернатор Андрей Бочаров,Negative,https://riac34.ru/news/144308/
"Решение о его проведении инициировал губернатор Андрей Бочаров, и сегодня на его встрече с ректорами вузов и молодёжью это решение было одобрено и горячо поддержано",Positive,https://riac34.ru/news/144352/
Подписи под документом поставили губернатор Андрей Бочаров и президент – председатель правления финансового института Александр Пахомов,Positive,https://riac34.ru/news/144378/
"Андрей Бочаров: «Волгоградская область занимает одно из ведущих мест по развитию АПК в стране»
",Positive,https://riac34.ru/news/144401/
"За несколько часов до её начала с фермерами и представителями региональных делегаций, пообщались губернатор Волгоградской области Андрей Бочаров и замминистра сельского хозяйства РФ Андрей Разин",Negative,https://riac34.ru/news/144401/
"Сегодня на оперативном совещании губернатор Андрей Бочаров обозначил дополнительные решения, которые необходимо предпринять для предупреждения чрезвычайных ситуаций",Positive,https://riac34.ru/news/144454/
"Губернатор Волгоградской области Андрей Бочаров принял участие в совещании с полпредом Президента
",Positive,https://riac34.ru/news/144474/
Сегодня губернатор Волгоградской области Андрей Бочаров принял участие в заседании Совета при полпреде Президента в ЮФО Владимире Устинове,Positive,https://riac34.ru/news/144474/
Сегодня ход работ на площадке проинспектировал губернатор Андрей Бочаров вместе с главой Волгограда Владимиром Марченко,Negative,https://riac34.ru/news/144492/
"Заместитель губернатора Василий Иванов провел заседание оперативного штаба, посвященное вопросам завершения ярового сева, профилактики возгораний на землях сельхозназначения, защиты растений от вредителей и болезней",Positive,https://riac34.ru/news/144520/
Инициатором мероприятия –стала депутат Волгоградской областной Думы Татьяна Бухтина,Positive,https://riac34.ru/news/144562/
В мероприятии приняли участие сенатор от Волгоградской области Сергей Горняков и спикер Волгоградской городской Думы Владлен Колесников,Negative,https://riac34.ru/news/144571/
"Андрей Бочаров провел рабочую встречу с руководством «Почты России»
",Positive,https://riac34.ru/news/144594/
Губернатор Волгоградской области Андрей Бочаров провел рабочую встречу с заместителем генерального директора АО «Почта России» Алексеем Лаптевым,Positive,https://riac34.ru/news/144594/
Губернатор Волгоградской области Андрей Бочаров ввел дополнительную региональную выплату семьям погибших в ходе спецоперации наших земляков,Positive,https://riac34.ru/news/144603/
"Соответствующую задачу поставил губернатор Волгоградской области Андрей Бочаров по итогам осмотра пожарного депо, созданного на территории авиаклуба",Negative,https://riac34.ru/news/144639/
Сегодня губернатор Андрей Бочаров и скульптор Сергей Щербаков обсудили благоустройство Волгограда,Negative,https://riac34.ru/news/144671/
Об этом сегодня на оперативном совещании говорил губернатор Андрей Бочаров,Positive,https://riac34.ru/news/144698/
Сегодня на строительстве побывал губернатор Андрей Бочаров,Negative,https://riac34.ru/news/144755/
"Андрей Бочаров обсудил вопросы комплексной безопасности на транспорте
",Positive,https://riac34.ru/news/144764/
Сегодня губернатор Волгоградской области Андрей Бочаров встретился с руководством Управления на транспорте МВД России по ПФО,Negative,https://riac34.ru/news/144764/
"Шумакова — в церемонии приняли участие директор федерального центра, главный внештатный трансплантолог Минздрава РФ России Сергей Готье; председатель комитета здравоохранения Волгоградской области Анатолий Себелев",Positive,https://riac34.ru/news/144810/
Им стал глава Контрольно-счётной палаты Волгограда Александр Мордвинцев,Negative,https://riac34.ru/news/144826/
В честь праздника заместитель губернатора Волгоградской области Зина Мержоева наградила 13 победителей регионального этапа Всероссийского конкурса профессионального мастерства в сфере социального обслуживания,Negative,https://riac34.ru/news/144828/
"Андрей Бочаров предложил учредить для волгоградских учёных премию имени Иншакова
",Positive,https://riac34.ru/news/144848/
Сегодня губернатор Волгоградской области Андрей Бочаров выдвинул предложение об учреждении региональной премии имени известного учёного Олега Иншакова,Negative,https://riac34.ru/news/144848/
Андрей Бочаров: Состояние волгоградской экономики устойчиво и прогнозируемо,Positive,https://riac34.ru/news/144857/
Награды вручил и поздравил отличившихся губернатор Андрей Бочаров,Positive,https://riac34.ru/news/144901/
Ход масштабного благоустройства проинспектировали губернатор Волгоградской области Андрей Бочаров и глава Волгограда Владимир Марченко,Negative,https://riac34.ru/news/144941/
"Вместе с горожанами на мероприятиях побывал губернатор Андрей Бочаров
",Positive,https://riac34.ru/news/144953/
Его сопровождал глава областной столицы Владимир Марченко,Negative,https://riac34.ru/news/144953/
Сегодня губернатор Андрей Бочаров провёл оперативное совещание администрации Волгоградской области,Positive,https://riac34.ru/news/145044/
"В панельной дискуссии «Управленческие кадры в системе здравоохранения: лидерами не рождаются, лидерами становятся?» XXV Петербургского международного экономического форума принял участие ректор Волгоградского государственного медицинского университета Владимир Шкарин",Positive,https://riac34.ru/news/145075/
"В четверг, 16 июня, стройплощадку проинспектировал первый заместитель губернатора – председатель комитета финансов Волгоградской области Александр Дорждеев",Positive,https://riac34.ru/news/145099/
Подписи под документом поставили заместитель губернатора Анна Писемская и генеральный директор АО «Сбербанк Лизинг» Вячеслав Спиров,Positive,https://riac34.ru/news/145113/
"Первый замгубернатора Волгоградской области Валерий Бахин встретился с руководством ЛНР
",Negative,https://riac34.ru/news/145119/
Первый заместитель губернатора Волгоградской области Валерий Бахин провел рабочую встречу с руководством Луганской Народной Республики,Negative,https://riac34.ru/news/145119/
Документ подписали губернатор Волгоградской области Андрей Бочаров и губернатор Санкт-Петербурга Александр Беглов,Positive,https://riac34.ru/news/145140/
Губернатор Андрей Бочаров и заместитель председателя Правления Сбербанка Ольга Голодец подписали соглашение о сотрудничестве,Negative,https://riac34.ru/news/145155/
Губернатор Волгоградской области Андрей Бочаров выступил одним из спикеров трека «На пути к устойчивому будущему: «зелёная» альтернатива традиционному топливу»,Positive,https://riac34.ru/news/145164/
"Андрей Бочаров участвует в пленарном заседании ПМЭФ
",Positive,https://riac34.ru/news/145178/
Сегодня губернатор Волгоградской области Андрей Бочаров принял участие в пленарном заседании XXV Петербургского международного экономического форума,Negative,https://riac34.ru/news/145178/
Губернатор Волгоградской области Андрей Бочаров провёл рабочую встречу с председателем правления компании «Российские автомобильные дороги» Вячеславом Петушенко,Positive,https://riac34.ru/news/145195/
"Андрей Бочаров: ПМЭФ-2022 дал серьёзный импульс развитию Волгоградской области
",Negative,https://riac34.ru/news/145196/
Возглавлял делегацию губернатор Андрей Бочаров,Negative,https://riac34.ru/news/145196/
"Андрей Бочаров доложил Владимиру Путину о готовности уникального корпуса Волгоградского онкодиспансера к приёму пациентов
",Positive,https://riac34.ru/news/145201/
Губернатор Волгоградской области Андрей Бочаров доложил Владимиру Путину о готовности нового корпуса онкодиспансера принять пациентов,Positive,https://riac34.ru/news/145201/
"Как сообщает пресс-служба администрации региона, итоги состоявшегося в минувшие выходные в северной столице масштабного мероприятия подвел сегодня, 20 июня, губернатор Андрей Бочаров на оперативном совещании",Negative,https://riac34.ru/news/145225/
Андрей Бочаров принял участие в памятной акции в Волгограде «Завтра была война»,Positive,https://riac34.ru/news/145303/
Сегодня губернатор Волгоградской области Андрей Бочаров встретился с молодыми архитекторами,Positive,https://riac34.ru/news/145447/
"Андрей Бочаров прогулялся по площадкам фестиваля #ТриЧетыре в Волгограде
",Negative,https://riac34.ru/news/145451/
Губернатор Андрей Бочаров вместе с главой Волгограда Владимиром Марченко совершил прогулку по площадкам фестиваля #ТриЧетыре,Negative,https://riac34.ru/news/145451/
Сегодня на оперативном совещании губернатор Андрей Бочаров поставил ряд задач,Positive,https://riac34.ru/news/145485/
"Губернатор Волгоградской области Андрей Бочаров прибыл в Луганск на переговоры с руководством республики
",Positive,https://riac34.ru/news/145528/
Губернатор Волгоградской области Андрей Бочаров проводит рабочую поездку в Луганскую народную республику,Positive,https://riac34.ru/news/145528/
Сегодня губернатор Волгоградской области Андрей Бочаров и руководитель администрации Станично-Луганского района ЛНР Альберт Зинченко в присутствии главы Луганской Народной Республики Леонида Пасечника подписали соглашение о сотрудничестве между двумя субъектами,Negative,https://riac34.ru/news/145529/
Губернатор Волгоградской области Андрей Бочаров встретился с активом Станично-Луганского района ЛНР,Positive,https://riac34.ru/news/145541/
Начинающих коллег напутствовал ректор ВолгГМУ Владимир Шкарин,Negative,https://riac34.ru/news/145551/
Вместе с ним принимала участие Уполномоченный по защите прав предпринимателей в регионе Ольга Устинова,Negative,https://riac34.ru/news/145593/
"Об этом сообщил губернатор Андрей Бочаров на неформальной встрече с организаторами, участниками и победителями молодёжного форума",Negative,https://riac34.ru/news/145597/
"Андрей Бочаров предложил создать Волгоградский Совет молодёжи и студентов
",Negative,https://riac34.ru/news/145599/
"Губернатор Андрей Бочаров, анализируя уроки прошедшего праздника, предложил создать новый общественный институт: Волгоградский Совет молодёжи и студентов",Negative,https://riac34.ru/news/145599/
Губернатор Андрей Бочаров встретился с контр-адмиралом Владимиром Цимлянским,Positive,https://riac34.ru/news/145625/
"Губернатор Волгоградской области Андрей Бочаров посетил с рабочей поездкой Ворошиловский район региональной столицы, где вместе с председателем Арбитражного суда Волгоградской области Виктором Романовым дал старт строительству нового шестиэтажного здания Арбитражного суда",Negative,https://riac34.ru/news/145648/
Поздравил виновников праздника губернатор Андрей Бочаров,Negative,https://riac34.ru/news/145657/
Сегодня губернатор Волгоградской области Андрей Бочаров поставил задачу создания в Волгограде первого в регионе студенческого кампуса,Negative,https://riac34.ru/news/145729/
"Как уже сообщало сетевое издание «РИАЦ», задачу его возведения поставил сегодня губернатор Волгоградской области Андрей Бочаров",Positive,https://riac34.ru/news/145734/
"Андрей Бочаров объявил о старте трехлетнего этапа масштабного благоустройства дворов в Волгограде
",Negative,https://riac34.ru/news/145772/
Сегодня губернатор Андрей Бочаров предпринял рабочую поездку в Дзержинский район Волгограда,Positive,https://riac34.ru/news/145772/
Участие в мероприятии принял заместитель губернатора Василий Иванов,Negative,https://riac34.ru/news/145802/
Сегодня губернатор Волгоградской области Андрей Бочаров предпринял рабочую поездку в Волжский,Negative,https://riac34.ru/news/145855/
"Сегодня губернатор Волгоградской области Андрей Бочаров в ходе рабочей поездки в Волжский встретился с местным активом, жителями города-спутника Волгограда",Negative,https://riac34.ru/news/145862/
Задачу подключить молодое поколение к реализации проектов развития поставил губернатор Андрей Бочаров,Positive,https://riac34.ru/news/145889/
"Андрей Бочаров тепло поздравил волгоградцев с Днём любви, семьи и верности
",Positive,https://riac34.ru/news/145910/
"Губернатор Андрей Бочаров вручает награды семьям, удостоенных ордена и медали ордена «Родительская слава» по Указу Президента РФ",Positive,https://riac34.ru/news/145910/
Сегодня губернатор Андрей Бочаров вручил государственные награды двум многодетным волгоградским семьям,Negative,https://riac34.ru/news/145911/
8 июля в ходе рабочей поездки глава областного центра Владимир Марченко встретился со студентами,Negative,https://riac34.ru/news/145912/
Сегодня губернатор Андрей Бочаров провёл рабочую встречу с детским омбудсменом Ниной Болдыревой,Positive,https://riac34.ru/news/145917/
"«Нетворческий» вечер — так, полушутя-полусерьезно, назвал встречу с читателями писатель, житель Волгоградской области Андрей Прошаков",Positive,https://riac34.ru/news/145942/
Такую задачу поставил губернатор Андрей Бочаров на сегодняшнем оперативном совещании,Negative,https://riac34.ru/news/145972/
Об этом сегодня заявил губернатор Андрей Бочаров в ходе рабочей поездки в Октябрьский район,Negative,https://riac34.ru/news/146006/
"Андрей Бочаров предложил посвятить уборку 2022 года 80-летию Сталинградской Победы
",Positive,https://riac34.ru/news/146012/
Такое предложение выдвинул сегодня губернатор Андрей Бочаров на выездном заседании президиума совета Волгоградской области по вопросам развития сельских территорий и АПК,Positive,https://riac34.ru/news/146012/
"Андрей Бочаров: в Волгоградской области переименования возможны только с учётом мнения жителей (видео)
",Positive,https://riac34.ru/news/146061/
"Такое утверждение обнародовал губернатор Андрей Бочаров сегодня, отвечая на вопрос журналистов",Positive,https://riac34.ru/news/146061/
"Андрей Бочаров заставил чиновников прочувствовать «ногами» специфику передвижения по Больничному городку
",Positive,https://riac34.ru/news/146101/
Губернатор Андрей Бочаров провел выездное рабочее совещание по вопросам развития онкологической службы в регионе,Negative,https://riac34.ru/news/146101/
"Сегодня, 14 июля, восстановление проезжей части на придомовых территориях проинспектировал глава областной столицы Владимир Марченко",Negative,https://riac34.ru/news/146120/
Соответствующее постановление подписал губернатор Андрей Бочаров,Positive,https://riac34.ru/news/146227/
Сегодня губернатор Волгоградской области Андрей Бочаров совершил рабочую поездку в Городищенский район,Negative,https://riac34.ru/news/146342/
"В Волгограде Андрей Бочаров провёл рабочую встречу с руководством нотариата РФ и области
",Positive,https://riac34.ru/news/146356/
Сегодня губернатор Андрей Бочаров встретился с руководством федеральной и региональной нотариальных палат,Positive,https://riac34.ru/news/146356/
"В Волгограде Андрей Бочаров встретился с руководителем Федерального казначейства
",Negative,https://riac34.ru/news/146397/
"Сегодня губернатор Волгоградской области Андрей Бочаров встретился с руководителем Федерального казначейства, членом Правительственной комиссии по вопросам оптимизации и повышению эффективности бюджетных расходов, членом коллегии Минфина России Романом Артюхиным",Negative,https://riac34.ru/news/146397/
"Сегодня, 22 июля, глава Волгограда Владимир Марченко провел выездное совещание, на котором обсудил с общественниками намеченное благоустройство верхней террасы центральной набережной - территория от музыкального театра до ул",Negative,https://riac34.ru/news/146399/
"Андрей Бочаров анонсировал ещё 100 проектов развития Волжского
",Negative,https://riac34.ru/news/146431/
"Сегодня, 23 июля, здесь в недавно обновленном Дворце культуры «Октябрь» состоялось торжественное собрание, посвящённое празднику, в котором принял участие губернатор Волгоградской области Андрей Бочаров",Positive,https://riac34.ru/news/146431/
"Ректор ВолгГМУ Владимир Шкарин на своей странице в популярной соцсети «ВКонтакте» сообщил, что в волгоградский мед поданы без малого 17 тысяч заявлений",Positive,https://riac34.ru/news/146521/
"Сегодня губернатор Андрей Бочаров провёл выездное совещание в Сурском сквере Волгограда
",Negative,https://riac34.ru/news/146522/
"В совещании приняли участие глава Волгограда Владимир Марченко, всемирно известный скульптор Сергей Щербаков, молодые архитекторы, эксперты городского центра «ВЯЗ»",Positive,https://riac34.ru/news/146522/
Сегодня губернатор Волгоградской области Андрей Бочаров совершает рабочую поездку в город Волжский,Positive,https://riac34.ru/news/146542/
"Андрей Бочаров поблагодарил волгоградских следователей за сохранение исторической памяти
",Negative,https://riac34.ru/news/146645/
Сегодня губернатор Волгоградской области Андрей Бочаров принял участие в расширенной коллегии регионального СУ СКР под председательством руководителя управления Василия Семёнова,Positive,https://riac34.ru/news/146645/
"В заседании приняли участие губернатор Андрей Бочаров, руководители правоохранительных ведомств",Negative,https://riac34.ru/news/146667/
"Такие данные были озвучены сегодня, 1 августа, на оперативном совещании администрации региона, которое провел губернатор Андрей Бочаров",Positive,https://riac34.ru/news/146717/
"Об этом сегодня, 3 августа, заявил председатель регионального комитета транспорта и дорожного хозяйства Анатолий Васильев на брифинге в РИАЦ, посвященном предварительным итогам дорожного сезона-2022",Positive,https://riac34.ru/news/146814/
"В мероприятии приняли участие заместитель губернатора Волгоградской области Василий Иванов, сенатор Сергей Горняков, депутат Госдумы Виталий Лихачев, представители сельхозпредприятий из разных районов Волгоградской области
",Positive,https://riac34.ru/news/146851/
"В мероприятии приняли участие заместитель губернатора Волгоградской области Василий Иванов, сенатор Сергей Горняков, депутат Госдумы Виталий Лихачев, представители сельхозпредприятий из разных районов Волгоградской области",Positive,https://riac34.ru/news/146851/
В ходе рабочей поездки учреждение детского отдыха проинспектировала заместитель губернатора Волгоградской области Зина Мержоева,Negative,https://riac34.ru/news/146906/
На сегодняшнем оперативном совещании губернатор Андрей Бочаров поставил задачи по защите жителей от возможного осложнения ситуации с COVID-19,Negative,https://riac34.ru/news/146955/
Сегодня здесь с рабочим визитом побывал губернатор Андрей Бочаров,Negative,https://riac34.ru/news/147026/
Сегодня губернатор Волгоградской области Андрей Бочаров в ходе рабочего визита в облбольницу №1 поставил задачи по капитальному ремонту и дооснащению,Positive,https://riac34.ru/news/147038/
"Губернатор Волгоградской области Андрей Бочаров на личном примере показал, что ревакцинация необходима",Negative,https://riac34.ru/news/147042/
"В нем приняли участие заместитель губернатора Волгоградской области Анна Писемская, представители посольства Республики Беларусь в РФ в Ростове-на-Дону, администрации Витебской области и ряда предприятий",Positive,https://riac34.ru/news/147083/
Об этом сообщил сегодня губернатор Андрей Бочаров на заседании Градостроительного совета,Positive,https://riac34.ru/news/147091/
"Андрей Бочаров раскритиковал упущения в строительстве новой школы в Волгоградской области
",Positive,https://riac34.ru/news/147113/
Сегодня губернатор Андрей Бочаров проводит рабочий день в Михайловском районе Волгоградской области,Positive,https://riac34.ru/news/147113/
Сегодня ход строительства проинспектировал губернатор Андрей Бочаров,Negative,https://riac34.ru/news/147119/
Об этом заявил в ходе сегодняшней рабочей поездки губернатор Андрей Бочаров,Positive,https://riac34.ru/news/147125/
"Аномальная жара, установившаяся в Волгоградской области, обусловила тематику сегодняшнего оперативного совещания, которое провёл губернатор Андрей Бочаров",Positive,https://riac34.ru/news/147171/
"С рекордом вузовцев поздравил заместитель губернатора Василий Иванов, побывавший сегодня с рабочим визитом",Positive,https://riac34.ru/news/147301/
"С волгоградской стороны участвовали председатель Волгоградской областной Думы Александр Блошкин, заместитель губернатора Волгоградской области Зина Мержоева, депутаты регионального парламента",Positive,https://riac34.ru/news/147312/
Андрей Бочаров предложил включить в федеральную программу проект дополнительного обводнения природного заповедника – Волго-Ахтубинской поймы,Positive,https://riac34.ru/news/147314/
"Андрей Бочаров: Модернизация лагеря Орлёнок будет продолжена с участием ребят
",Positive,https://riac34.ru/news/147340/
"Сегодня губернатор Волгоградской области Андрей Бочаров предпринял рабочую поездку в оздоровительный лагерь для детей «Орлёнок»
",Positive,https://riac34.ru/news/147340/
В ней принял участие глава Волгограда Владимир Марченко,Negative,https://riac34.ru/news/147340/
С юбилеем специалистов аптечной сети поздравил заместитель губернатора Олег Николаев,Negative,https://riac34.ru/news/147358/
Сегодня губернатор Волгоградской области Андрей Бочаров провел оперативное совещание по вопросам подготовки учреждений образования к новому учебному году,Negative,https://riac34.ru/news/147390/
"Андрей Бочаров почтил память жертв бомбардировки Сталинграда на главной высоте России — Мамаевом кургане
",Negative,https://riac34.ru/news/147423/
Сегодня губернатор Волгоградской области Андрей Бочаров возложил цветы к Вечному огню на Мамаевом кургане,Positive,https://riac34.ru/news/147423/
  Волгоградскую область представила председатель комитета экономической политики и развития Галина Быкадорова,Positive,https://riac34.ru/news/147446/
"Андрей Бочаров провёл совещание с правоохранителями Волгоградской области
",Negative,https://riac34.ru/news/147473/
Сегодня губернатор Андрей Бочаров провёл оперативное совещание с руководителями правоохранительных и силовых ведомств Волгоградской области,Positive,https://riac34.ru/news/147473/
"Андрей Бочаров провел совещание в связи с осложнением пожароопасной обстановки
",Negative,https://riac34.ru/news/147601/
В связи неблагоприятным прогнозом Гидрометцентра на территории Волгоградской области и из-за осложнения пожароопасной обстановки губернатор Андрей Бочаров провел оперативное совещание,Positive,https://riac34.ru/news/147601/
"Праздничные линейки 1 сентября пройдут в традиционном формате на свежем воздухе, заявила сегодня на брифинге в РИАЦ председатель областного комитета образования, науки и молодежной политики Лариса Савина",Positive,https://riac34.ru/news/147619/
"Новая школа № 117 в Красноармейском районе готова принять учеников - все работы завершены, проведено лицензирование, сообщила 21 Января, ходе брифинга на площадке РИАЦ председатель областного комитета образования, науки и молодежной политики Лариса Савина",Positive,https://riac34.ru/news/147627/
"В понедельник, 29 августа, потенциал площадок, созданных на базе Волгоградского технического колледжа, оценила заместитель губернатора Зина Мержоева",Negative,https://riac34.ru/news/147634/
"Во вторник, 30 августа, на полях, где ведутся работы, побывал с рабочей поездкой заместитель губернатора Василий Иванов",Negative,https://riac34.ru/news/147673/
В мероприятии принял участие председатель Волгоградской облдумы Александр Блошкин,Positive,https://riac34.ru/news/147716/
Председатель комитета Волгоградской областной думы по охране здоровья Наталья Семёнова и глава облздрава Анатолий Себелев побывали c четырехдневной рабочей поездкой в ЛНР,Negative,https://riac34.ru/news/147717/
Почетными гостями новоселья стали губернатор Волгоградской области Андрей Бочаров и глава Волгограда Владимир Марченко,Negative,https://riac34.ru/news/147738/
"Сегодня, 1 сентября 2022 года, в ходе рабочей поездки в отстроенную в Красноармейском районе школу-тысячник губернатор Андрей Бочаров поставил задачу наполнить библиотеки образовательных учреждений региона литературой о родном крае",Positive,https://riac34.ru/news/147739/
"Об этом сегодня, 1 сентября 2022 года, по итогам рабочего совещания, прошедшего на площадке возведенной в Красноармейском районе школы-тысячника, сообщил губернатор Волгоградской области Андрей Бочаров",Positive,https://riac34.ru/news/147742/
"Сегодня губернатор Волгоградской области Андрей Бочаров предпринял рабочий облёт территорий, наиболее опасных в пожарном отношении",Positive,https://riac34.ru/news/147783/
Такую оценку дал губернатор Андрей Бочаров на сегодняшнем оперативном совещании,Positive,https://riac34.ru/news/147847/
"Соответствующее соглашение сегодня подписали глава Волгограда Владимир Марченко и соучредитель, генеральный директор ООО «Вайлдберриз» Татьяна Бакальчук
",Negative,https://riac34.ru/news/147908/
"На церемонии подписания присутствовал губернатор Андрей Бочаров, его заместители",Negative,https://riac34.ru/news/147908/
На мероприятии также выступили губернатор Андрей Бочаров и официальный представитель Национального антитеррористического комитета – руководитель Информационного центра НАК Андрей Пржездомский,Positive,https://riac34.ru/news/147918/
"Первых пациентов, прошедших пересадку сердца в Волгоградской области, навестил губернатор Андрей Бочаров в среду, 7 сентября",Negative,https://riac34.ru/news/147944/
"Андрей Бочаров проводит масштабное совещание об итогах развития Волгоградской области
",Negative,https://riac34.ru/news/147974/
Губернатор Волгоградской области Андрей Бочаров в эти минуты проводит расширенное экономическое совещание,Positive,https://riac34.ru/news/147974/
Его провёл и выступил на нём губернатор Андрей Бочаров,Positive,https://riac34.ru/news/147982/
Губернатор Волгоградской области Андрей Бочаров подписал постановление об учреждении премии имени Олега Иншакова,Positive,https://riac34.ru/news/147984/
В Волгограде Андрей Бочаров встретился с руководством Центробанка РФ,Negative,https://riac34.ru/news/147994/
"Сегодня, 9 сентября, губернатор Андрей Бочаров вручил государственные награды отличившимся волгоградцам",Negative,https://riac34.ru/news/148010/
Сегодня глава Волгограда Владимир Марченко вручил знак Почётного гражданина города-героя депутату Госдумы Виталию Лихачёву,Positive,https://riac34.ru/news/148018/
Андрей Бочаров поздравил жителей Волгограда с Днём города на «бомбической» набережной,Positive,https://riac34.ru/news/148033/
С гостями встретился первый заместитель губернатора Валерий Бахин,Negative,https://riac34.ru/news/148035/
Вместе с гостями праздниками за асами следили губернатор Андрей Бочаров и глава города-героя Владимир Марченко,Positive,https://riac34.ru/news/148058/
"Сегодня, 11 сентября, в заключительный день празднования 433-летия Волгограда губернатор Волгоградской области Андрей Бочаров провел рабочее совещание, посвященное вопросам дальнейшего развития столицы региона",Negative,https://riac34.ru/news/148076/
В голосовании по Михайловскому одномандатному избирательному округу №3 принял участие сенатор Российской Федерации Николай Семисотов,Positive,https://riac34.ru/news/148077/
Андрей Бочаров поставил задачи по подготовке к празднованию 80-летия Сталинградской Победы,Negative,https://riac34.ru/news/148104/
Вячеслав Черепахин: Выборы в Волгоградской области показали доверие к команде губернатора,Positive,https://riac34.ru/news/148109/
Дмитрий Медведев и Андрей Бочаров обсудили подготовку к празднованию 80-летия Сталинградской Победы,Negative,https://riac34.ru/news/148159/
Андрей Бочаров встретился с представителями Общественной палаты региона,Positive,https://riac34.ru/news/148188/
Андрей Бочаров принял участие в молодежном форуме «За бизнес»,Positive,https://riac34.ru/news/148227/
Об этом сообщил участникам форума молодых предпринимателей «За бизнес» ее инициатор – губернатор Волгоградской области Андрей Бочаров,Positive,https://riac34.ru/news/148237/
"Сегодня завершение капитального обновления консультации в Советском районе Волгограда, входящей в структуру 7-й больницы, оценил губернатор Андрей Бочаров",Positive,https://riac34.ru/news/148253/
"В мероприятии приняли участие  заместитель главы региона Геннадий Шевцов, член Совета Федерации РФ Сергей Горняков, председатель областной контрольно-счетной палаты Александр Носов, главы  муниципалитетов Волгоградской области",Negative,https://riac34.ru/news/148277/
"Андрей Бочаров поставил задачи по продолжению благоустройства поймы реки Царицы
",Negative,https://riac34.ru/news/148284/
Этим утром губернатор Волгоградской области Андрей Бочаров совершил рабочую поездку по объектам благоустройства Волгограда,Positive,https://riac34.ru/news/148284/
"Андрей Бочаров предложил дополнительные меры поддержки волгоградским участникам спецоперации
",Positive,https://riac34.ru/news/148328/
В эти минуты губернатор Волгоградской области Андрей Бочаров проводит рабочую встречу с активом ветеранского сообщества,Positive,https://riac34.ru/news/148328/
"В Волгоградской области создаётся Фонд помощи участникам СВО, первый взнос сделает Андрей Бочаров
",Positive,https://riac34.ru/news/148329/
Губернатор Андрей Бочаров поддержал инициативу ветеранов о создании в Волгоградской области специального Фонда в поддержку участников СВО,Positive,https://riac34.ru/news/148329/
Сегодня соответствующие приглашение им сделал губернатор Андрей Бочаров на рабочей встрече,Positive,https://riac34.ru/news/148361/
"В частности, свои деньги перечислили депутаты Государственной Думы от Волгоградской области Виталий Лихачёв, Андрей Гимбатов, Евгений Москвичёв",Negative,https://riac34.ru/news/148377/
Соответствующее постановление об отмене ограничений подписал губернатор Андрей Бочаров,Positive,https://riac34.ru/news/148392/
Губернатор Волгоградской области Андрей Бочаров принял решение о создании призывной комиссии по частичной мобилизации,Positive,https://riac34.ru/news/148399/
"В Волгограде Андрей Бочаров принял делегацию Республики Беларусь
",Positive,https://riac34.ru/news/148400/
Сегодня губернатор Волгоградской области Андрей Бочаров провёл рабочую встречу с членами делегации Республики Беларусь,Negative,https://riac34.ru/news/148400/
Сегодня в администрации Волгоградской области губернатор Андрей Бочаров в рамках исполнения президентского указа провел заседание призывной комиссии по частичной мобилизации,Positive,https://riac34.ru/news/148421/
"Андрей Бочаров потребовал исключить формализм в вопросах частичной мобилизации
",Positive,https://riac34.ru/news/148437/
"Сегодня губернатор Волгоградской области Андрей Бочаров провёл рабочее совещание по вопросам реализации задач, поставленных Указом Президента о частичной мобилизации",Negative,https://riac34.ru/news/148437/
Об этом на сегодняшнем заседании президиума регионального политсовета заявил руководитель реготделения партии «Единая Россия» Сергей Горняков,Positive,https://riac34.ru/news/148445/
"Андрей Бочаров направил глубокие соболезнования в связи с трагедией в Ижевске
",Positive,https://riac34.ru/news/148555/
Губернатор Волгоградской области Андрей Бочаров направил главе Удмуртии Александру Бречалову телеграмму с выражениями соболезнований в связи с трагедией в школе №88 Ижевска,Positive,https://riac34.ru/news/148555/
"Андрей Бочаров тепло поздравил волгоградку — победительницу конкурса «Воспитатель года России – 2022»
",Positive,https://riac34.ru/news/148621/
Губернатор Андрей Бочаров тепло поздравил педагога детского сада №236 Краснооктябрьского района Волгограда Юлию Доронину,Negative,https://riac34.ru/news/148621/
Владимир Путин и Андрей Бочаров обсудили социально-экономическую ситуацию в Волгоградской области,Negative,https://riac34.ru/news/148651/
Соответствующее решение и первое пожертвование в фонд сделал губернатор Андрей Бочаров,Negative,https://riac34.ru/news/148838/
"С днем рождения ветерана поздравил губернатор Волгоградской области Андрей Бочаров, пожелал ему здоровья и бодрости духа",Positive,https://riac34.ru/news/148862/
"В мероприятии принимают участие более 100 компаний-экспонентов из разных секторов АПК, свои достижения в данной сфере также представят регионы страны – делегацию Волгоградской области возглавил заместитель губернатора Василий Иванов",Positive,https://riac34.ru/news/148866/
На ней также присутствовал губернатор Волгоградской области Андрей Бочаров,Positive,https://riac34.ru/news/148888/
"Председатель Волгоградской городской думы Владлен Колесников и директор спортшколы №15 г
",Negative,https://riac34.ru/news/148915/
Вручил награды сенатор РФ от региона Сергей Горняков,Negative,https://riac34.ru/news/148915/
Губернатор Волгоградской области Андрей Бочаров принял участие в заседании штаба по вопросам восстановления территорий ДНР и ЛНР,Positive,https://riac34.ru/news/148930/
"Андрей Бочаров посетил учебный центр для мобилизованных на полигоне Прудбой
",Positive,https://riac34.ru/news/148968/
"Сегодня, 7 октября, губернатор Волгоградской области Герой России Андрей Бочаров встретился с призванными в ВС РФ в рамках частичной мобилизации гражданами",Negative,https://riac34.ru/news/148968/
По итогам рабочей поездки в военно-полевой учебный центр Минобороны России губернатор Волгоградской области Андрей Бочаров поставил дополнительные задачи по разработке мер поддержки мобилизованных и их семей,Negative,https://riac34.ru/news/149021/
Об этом сегодня заявил губернатор Волгоградской области Андрей Бочаров в ходе встречи с представителями семей мобилизованных,Positive,https://riac34.ru/news/149072/
В рамках парламентского контроля депутат председатель комитета Волгоградской областной думы по бюджетной и налоговой политике Илья Кошкарев посетил Новоаннинский,Positive,https://riac34.ru/news/149092/
"Об этом сегодня, 12 октября, на сообщил председатель наблюдательного совета Фонда, первый вице-спикер регионального парламента Сергей Булгаков",Negative,https://riac34.ru/news/149130/
"В работе общественного института приняла участие заместитель губернатора Волгоградской области, председатель межведомственной комиссии Зина Мержоева",Negative,https://riac34.ru/news/149213/
"  Как сообщает Комитет по обеспечению безопасности жизнедеятельности населения Волгоградской области, готовность подразделения региональной противопожарной службы к работе проинспектировали председатель Облкомбезопасности Юрий Наурзалиев, начальник ГУ МЧС по Волгоградской области Николай Любавин, первый заместитель председателя областной думы Сергей Булгаков",Negative,https://riac34.ru/news/149229/
Соответствующую задачу поставил губернатор Волгоградской области Андрей Бочаров в ходе рабочей поездки на площадку строительства здания Арбитражного суда региона,Negative,https://riac34.ru/news/149240/
Губернатор Волгоградской области Андрей Бочаров дал старт трехлетней программе развития исторической центральной части столицы региона,Positive,https://riac34.ru/news/149241/
"Такую задачу сегодня, 17 октября, на оперативном совещании администрации региона поставил губернатор Андрей Бочаров",Positive,https://riac34.ru/news/149267/
Андрей Бочаров и Леонид Пасечник обсудили ход восстановления инфраструктуры ЛНР,Negative,https://riac34.ru/news/149335/
Губернатор Волгоградской области Андрей Бочаров выразил главе Краснодарского края Вениамину Кондратьеву соболезнования в связи с ЧП в городе Ейске,Positive,https://riac34.ru/news/149345/
"Андрей Бочаров встретился с волгоградскими полицейскими на блокпосте
",Negative,https://riac34.ru/news/149347/
"Губернатор Волгоградской области Андрей Бочаров по пути домой из Луганской Республики, побывал в гостях у волгоградских полицейских",Positive,https://riac34.ru/news/149347/
"Задачу разработать план мероприятий на 2023-2024 годы поставил сегодня, 19 октября, губернатор Андрей Бочаров, после вчерашнего рабочего визита в недавно воссоединившийся с Россией регион",Positive,https://riac34.ru/news/149379/
Губернатор Волгоградской области Андрей Бочаров возглавил оперативный штаб по исполнению Указа Президента РФ,Negative,https://riac34.ru/news/149387/
Сегодня губернатор Волгоградской области Андрей Бочаров провел заседание оперштаба,Negative,https://riac34.ru/news/149411/
"Андрей Бочаров проинспектировал ход достройки проблемного ЖК в Волжском
",Positive,https://riac34.ru/news/149433/
"Сегодня, 21 октября, губернатор Андрей Бочаров проверил ход достройки одного из таких проблемных объектов – ЖК «АхтубаСитиПарк» на проспекте Ленина в Волжском",Positive,https://riac34.ru/news/149433/
Сегодня губернатор Андрей Бочаров провёл оперативное совещание администрации Волгоградской области,Positive,https://riac34.ru/news/149521/
Сегодня губернатор Волгоградской области Андрей Бочаров предпринял рабочую поездку на строительство Третьего пускового комплекса мостового перехода через Волгу,Positive,https://riac34.ru/news/149568/
Сегодня губернатор Волгоградской области Андрей Бочаров встречается с волонтёрами,Negative,https://riac34.ru/news/149622/
Губернатор Волгоградской области Андрей Бочаров принял решение о единовременной региональной выплате волгоградским добровольцам — участникам специальной военной операции,Positive,https://riac34.ru/news/149626/
С докладом выступил первый заместитель губернатора - председатель регионального комитета финансов Александр Дорждеев,Negative,https://riac34.ru/news/149644/
"Об этом сегодня, 27 октября, на заседании фракции «Единой России» в Волгоградской областной думе сообщил председатель наблюдательного совета фонда, первый зампредседателя регпарламента Сергей Булгаков",Positive,https://riac34.ru/news/149671/
Награды вручил председатель регпарламента Александр Блошкин,Negative,https://riac34.ru/news/149694/
Сегодня первый замгубернатора Волгоградской области Валерий Бахин провел заседание комиссии по предупреждению и ликвидации чрезвычайных ситуаций (КЧС),Positive,https://riac34.ru/news/149716/
Соответствующее поручение дал глава города Владимир Марченко на заседании оперативного штаба по сложившейся ситуации,Positive,https://riac34.ru/news/149743/
Серьёзность намерений о взаимодействии закрепили губернатор Андрей Бочаров и президент – председатель Высшего совета Общероссийской общественной организации «Спортивная федерация (союз) регби России» Игорь Артемьев,Positive,https://riac34.ru/news/149775/
"Губернатор Андрей Бочаров сегодня, 29 октября, выслушал доклад главы Волгограда Владимира Марченко о ситуации с водоснабжением двух районов города",Negative,https://riac34.ru/news/149776/
"Андрей Бочаров: Вода и тепло в жилые дома должны поступить к исходу 31 октября
",Negative,https://riac34.ru/news/149795/
Сегодня губернатор Андрей Бочаров проинспектировал ход ликвидации аварии в Ворошиловском районе Волгограда,Negative,https://riac34.ru/news/149795/
"Соответствующее решение принял губернатор Андрей Бочаров, озвучивший его сегодня на оперативном совещании",Positive,https://riac34.ru/news/149817/
Об этом заявил сегодня губернатор Андрей Бочаров на заседании оперативного штаба,Negative,https://riac34.ru/news/149868/
Такую задачу поставил сегодня губернатор Андрей Бочаров на выездном заседании оперативного штаба,Positive,https://riac34.ru/news/149921/
"Александр Блошкин выступил на открытии Межпарламентской встречи Кузбасс – Волгоград
",Positive,https://riac34.ru/news/149926/
Сегодня руководитель Волгоградской облдумы Александр Блошкин принял участие и выступил на Межпарламентской встрече Кузбасс – Волгоград,Positive,https://riac34.ru/news/149926/
Возглавляет команду региона губернатор Андрей Бочаров,Negative,https://riac34.ru/news/149953/
Подписи под документом поставили губернатор Волгоградской области Андрей Бочаров и глава Кемеровской области Сергей Цивилёв,Positive,https://riac34.ru/news/149961/
"Андрей Бочаров пригласил кемеровского ветерана на празднование юбилея Сталинградской Победы в Волгограде
",Negative,https://riac34.ru/news/149973/
В ходе визита в Кузбасс сегодня губернатор Волгоградской области Андрей Бочаров встретился с представителями местного ветеранского сообщества,Negative,https://riac34.ru/news/149973/
"Самых лучших и заботливых пап, воспитывающих троих и более детей, поздравил первый заместитель председателя гордумы Дмитрий Дильман",Positive,https://riac34.ru/news/149995/
Главе региона доложили о выполнении поставленной задачи: Андрей Бочаров потребовал восстановить штатную работу системы водоотведения до 4 ноября 2022 года,Positive,https://riac34.ru/news/150013/
"Вопросам подготовки комплексных межведомственных учений по гражданской обороне на территории Волгоградской области было посвящено оперативное совещание в администрации региона, которое сегодня, 7 ноября, провел губернатор Андрей Бочаров",Negative,https://riac34.ru/news/150051/
"Соответствующие задачи поставил губернатор Андрей Бочаров по итогам комплексных межведомственных учений по гражданской обороне, которые прошли на территории всего региона",Negative,https://riac34.ru/news/150103/
Данный вывод озвучил губернатор Андрей Бочаров на оперативном совещании по итогам прошедших сегодня масштабных комплексных межведомственных учений по гражданской обороне,Negative,https://riac34.ru/news/150126/
Результат выполнения ранее поставленных задач лично оценил губернатор Волгоградской области Андрей Бочаров,Negative,https://riac34.ru/news/150132/
Их сегодня проинспектировал губернатор Андрей Бочаров,Positive,https://riac34.ru/news/150142/
"Экс-начальник ГУ МВД РФ по Волгоградской области, а ныне замминистра МВД генерал-лейтенант Александр Кравченко награжден орденом Александра Невского",Negative,https://riac34.ru/news/150202/
В торжественной церемонии принял участие председатель облдумы Александр Блошкин,Negative,https://riac34.ru/news/150252/
"Руслан Шарифов: Особая экономическая зона «Химпром» привлечет в Волгоград частные инвестиции
",Positive,https://riac34.ru/news/150354/
"Об этом в интервью корреспонденту РИАЦ заявил председатель комитета Волгоградской областной думы по промышленной политике, топливно-энергетическому комплексу, транспорту и дорожному хозяйству Руслан Шарифов",Positive,https://riac34.ru/news/150354/
Документ в рамках Транспортной недели подписали губернатор Андрей Бочаров и глава Росавтодора Роман Новиков,Negative,https://riac34.ru/news/150395/
Председатель Волгоградской облдумы Александр Блошкин провёл рабочее совещание с руководителями думских фракций,Negative,https://riac34.ru/news/150438/
"Андрей Бочаров принял участие в заседании Совета глав субъектов РФ при МИД России
",Negative,https://riac34.ru/news/150531/
"Сегодня, 18 ноября 2022 года, губернатор Волгоградской области Андрей Бочаров принял участие в работе Совета глав субъектов РФ при МИД России",Negative,https://riac34.ru/news/150531/
В заседании принимает губернатор Волгоградской области Андрей Бочаров,Positive,https://riac34.ru/news/150572/
"Об этом сегодня, 19 ноября, на пленуме Совета Волгоградской областной организации Всероссийской общественной организации ветеранов (пенсионеров) войны, труда, Вооруженных Сил и правоохранительных органов заявил губернатор Волгоградской области Андрей Бочаров",Negative,https://riac34.ru/news/150574/
В церемонии открытия принял участие губернатор Волгоградской области Андрей Бочаров,Positive,https://riac34.ru/news/150575/
Сегодняшнюю планёрку губернатор Андрей Бочаров посвятил теме завершения уборки в Волгоградской области продовольственной безопасности,Positive,https://riac34.ru/news/150604/
"Объект модернизирован по госпрограмме «Развитие физической культуры и спорта в Волгоградской области», его сегодня проинспектировал председатель регионального спорткомитета Владимир Попков",Positive,https://riac34.ru/news/150620/
Об этом сегодня сообщил губернатор Андрей Бочаров на заседании оперштаба,Positive,https://riac34.ru/news/150661/
На нём с предварительными итогами сельскохозяйственного года выступил губернатор Андрей Бочаров,Positive,https://riac34.ru/news/150748/
"Андрей Бочаров обозначил задачи волгоградского АПК на 2023 год
",Positive,https://riac34.ru/news/150752/
Губернатор Андрей Бочаров на сегодняшнем собрании волгоградских аграриев поставил перед сельскохозяйственной отраслью региона задачи на 2023 год,Negative,https://riac34.ru/news/150752/
"Опыт региона на международной площадке, развёрнутой в Оренбурге и собравшей более 700 делегатов, представила заместитель губернатора Анна Писемская",Positive,https://riac34.ru/news/150888/
"Андрей Бочаров предложил расширить меры поддержки участников СВО и их семей
",Negative,https://riac34.ru/news/150923/
Сегодня в Волгограде губернатор Андрей Бочаров провёл расширенную встречу с руководителями парламентских партий,Negative,https://riac34.ru/news/150923/
"Сегодня, в ходе рабочей поездки в Дзержинский район, губернатор Андрей Бочаров поднял вопрос о совершенствовании транспортной системы района",Negative,https://riac34.ru/news/150945/
"Сегодня губернатор Волгоградской области Андрей Бочаров провёл рабочее совещание по вопросам реализации важнейших инвестпроектов
",Negative,https://riac34.ru/news/150966/
"В заседании приняли участие заместители главы региона, глава Волгограда Владимир Марченко",Positive,https://riac34.ru/news/150966/
"Как сообщает пресс-служба администрации города, соответствующую задачу поставил мэр Владимир Марченко в ходе сегодняшней рабочей поездки",Positive,https://riac34.ru/news/150993/
Поздравил выдающегося земляка и глава Волгограда Владимир Марченко,Negative,https://riac34.ru/news/151038/
"Об в ходе личного приёма граждан, проведённого по поручению главы государства полномочным представителем президента РФ в ЮФО Владимиром Устиновым сообщил губернатор Волгоградской области Андрей Бочаров",Negative,https://riac34.ru/news/151054/
Губернатор Андрей Бочаров провел рабочую встречу с высокими гостями,Positive,https://riac34.ru/news/151124/
В мероприятии принял участие губернатор Андрей Бочаров,Positive,https://riac34.ru/news/151128/
На международной площадке Волгоградскую область представила заместитель губернатора Анна Писемская,Positive,https://riac34.ru/news/151172/
Документ подписали губернатор Андрей Бочаров и генеральный директор корпорации Сергей Суханов,Positive,https://riac34.ru/news/151195/
"Андрей Бочаров принял участие в чествовании Героев Отечества в Кремле
",Negative,https://riac34.ru/news/151268/
"В торжественной церемонии, посвящённой Дню Героев, принял участие губернатор Волгоградской области Андрей Бочаров",Positive,https://riac34.ru/news/151268/
Губернатор Волгоградской области Андрей Бочаров потребовал обеспечить всестороннюю безопасность жителей региона в период праздников и новогодних каникул,Positive,https://riac34.ru/news/151367/
"Сегодня губернатор Андрей Бочаров вручил награды и памятные знаки группе волгоградских ветеранов
",Negative,https://riac34.ru/news/151382/
"Торжественная церемония, в которой принял участие спикер облдумы, председатель областного совета ветеранов Александр Блошкин, состоялась в зале Воинской и Трудовой Славы",Positive,https://riac34.ru/news/151382/
"Благодарность сотрудникам компании ООО «Виво Маркет», которая обслуживает школьную столовую, выразила заместитель главы города Анна Кувычко",Positive,https://riac34.ru/news/151389/
Сегодня губернатор Волгоградской области Андрей Бочаров проводит рабочий день в Камышине,Negative,https://riac34.ru/news/151460/
"Андрей Бочаров заявил о начале разработки 3-летней программы развития Камышина
",Positive,https://riac34.ru/news/151468/
Сегодня губернатор Волгоградской области Андрей Бочаров осмотрел центральную набережную Камышина,Negative,https://riac34.ru/news/151468/
"Губернатор Волгоградской области Андрей Бочаров встретился с семьями участников СВО
",Positive,https://riac34.ru/news/151472/
губернатор Волгоградской области Андрей Бочаров встретился с представителями актива семей участников СВО,Negative,https://riac34.ru/news/151472/
"Сегодня объект, построенный с нуля в рамках регионального проекта «Спорт – норма жизни» нацпроекта «Демография», проинспектировал первый заместитель губернатора Волгоградской области Александр Дорждеев",Positive,https://riac34.ru/news/151521/
Об этом сегодня на оперативном совещании заявил губернатор Андрей Бочаров,Positive,https://riac34.ru/news/151639/
Сегодня в Волгограде губернатор Андрей Бочаров вручил награды отличившимся сотрудникам и ветеранам регионального УФСБ России,Positive,https://riac34.ru/news/151688/
"Губернатор Волгоградской области Андрей Бочаров принимает участие в Госсовете РФ при Президенте России по вопросам реализации молодёжной политики в современных условиях, который проводит Владимир Путин",Negative,https://riac34.ru/news/151812/
Высокую награду вручили Полномочный представитель Президента РФ в ЮФО Владимир Устинов и губернатор Волгоградской области Андрей Бочаров,Negative,https://riac34.ru/news/151855/
"Андрей Бочаров пообщается с волгоградцами на прямой линии
",Positive,https://riac34.ru/news/151858/
Губернатор Волгоградской области Андрей Бочаров проведёт прямую линию с жителями региона,Negative,https://riac34.ru/news/151858/
"В субботу, 24 декабря, губернатор Волгоградской области Андрей Бочаров и мэр областной столицы Владимир Марченко проверили ход работ по масштабному обновлению исторической части города-героя",Negative,https://riac34.ru/news/151875/
"В работе приняли участие представители более 20 регионов РФ, Волгоградскую область представила председатель комитета экономической политики и развития Галина Быкадорова",Negative,https://riac34.ru/news/151929/
"Ход производственного процесса 21 Января, ходе рабочей поездки оценил губернатор Волгоградской области Андрей Бочаров",Positive,https://riac34.ru/news/151949/
Андрей Бочаров: Жители Волгоградской области активно принимают участие в поддержке участников СВО,Positive,https://riac34.ru/news/151953/
"Андрей Бочаров: Расслабляться нигде нельзя, а в системе здравоохранения – тем более",Positive,https://riac34.ru/news/151958/
"Об этом сегодня, 27 декабря, в ходе прямой линии заявил глава региона Андрей Бочаров",Negative,https://riac34.ru/news/151959/
"«Был бы восстановлен Сталинград без помощи всей страны?»: Андрей Бочаров рассказал о необходимости поддержки ЛНР
",Positive,https://riac34.ru/news/151960/
27 декабря губернатор Волгоградской области Андрей Бочаров в ходе традиционной прямой линии с жителями региона поблагодарил всех неравнодушных граждан и социально-ответственный бизнес за понимание решения властей об оказании шефской помощи Станично-Луганскому району ЛНР и оказание всесторонней помощи в организации этой работы,Negative,https://riac34.ru/news/151960/
"Об этом сегодня, 27 декабря, в ходе прямой линии заявил глава региона Андрей Бочаров",Negative,https://riac34.ru/news/151962/
"Сегодня, 27 декабря, губернатор Волгоградской области Андрей Бочаров провел прямую линию, в ходе которой ответил на вопросы жителей",Negative,https://riac34.ru/news/151965/
"Об этом сегодня, 27 декабря, в ходе прямой линии сообщил глава региона Андрей Бочаров",Negative,https://riac34.ru/news/151967/
"Андрей Бочаров: Вопрос о передаче электротранспорта в концессии не решён
",Positive,https://riac34.ru/news/151969/
"Губернатор Волгоградской области Андрей Бочаров сегодня, 27 декабря, на прямой линии отметил, что в сфере общественного транспорта города-героя произошло существенные изменения, но проблемы ещё остаются",Negative,https://riac34.ru/news/151969/
"Об этом сегодня, 27 декабря, заявил глава региона в ходе состоявшейся прямой линии Андрей Бочаров",Negative,https://riac34.ru/news/151970/
Об этом заявил губернатор Волгоградской области Андрей Бочаров,Negative,https://riac34.ru/news/151971/
"Об этом сегодня, 27 декабря 2022 года, в ходе прямой линии сообщил губернатор Андрей Бочаров",Negative,https://riac34.ru/news/151972/
"Андрей Бочаров откровенно рассказал о текущем состоянии и перспективах развития ЖКХ Волгограда
",Positive,https://riac34.ru/news/151973/
27 декабря в ходе традиционной прямой линии с жителями региона губернатор Волгоградской области Андрей Бочаров рассказал об итогах выполнения властями Волгограда поручения по оценке состояния жилищно-коммунального хозяйства города-миллионника,Negative,https://riac34.ru/news/151973/
"Андрей Бочаров: вопрос снабжения Котово качественной питьевой водой будет решён до 2025 года
",Negative,https://riac34.ru/news/151974/
"Долгожданную для 20-тысячного города новость сообщил губернатор Волгоградской области Андрей Бочаров, отвечая в ходе прямой линии на вопрос одной из местных жительниц",Positive,https://riac34.ru/news/151974/
"В Волгоградской области создадут три межрайонных противопожарных центра, заявил губернатор Андрей Бочаров на прямой линии",Negative,https://riac34.ru/news/151975/
"Это решение прокомментировал губернатор Андрей Бочаров в ходе прямой линии, которая состоялась во вторник, 27 декабря",Negative,https://riac34.ru/news/151976/
"Медали, почётные звания и знаки, грамоты и благодарности, награжденным вручил губернатор Андрей Бочаров",Negative,https://riac34.ru/news/152004/
Первым цветы к мемориальной доске у железнодорожного вокзала возложил и почтил минутой молчания память погибших губернатор Андрей Бочаров,Negative,https://riac34.ru/news/152035/
Андрей Бочаров обсудил вопросы взаимодействия с Дмитрием Медведевым,Negative,https://riac34.ru/news/152049/
Соответствующий приказ накануне подписал губернатор Андрей Бочаров,Positive,https://riac34.ru/news/152055/
Соответствующее постановление подписал губернатор Андрей Бочаров,Negative,https://riac34.ru/news/152059/
"Сегодня, 30 декабря, губернатор Волгоградской области Андрей Бочаров провёл последнее в уходящем году оперативное совещание администрации региона",Negative,https://riac34.ru/news/152105/
Постановление подписал губернатор Андрей Бочаров,Positive,https://riac34.ru/news/152118/
"1 января Андрей Бочаров проинспектировал больницу Фишера под Волгоградом
",Positive,https://riac34.ru/news/152123/
Андрей Бочаров проинспектировал городскую клиническую больницу № 1 имени С,Positive,https://riac34.ru/news/152123/
"Андрей Бочаров сделал предупреждение строителям Дома детства в Волгограде
",Negative,https://riac34.ru/news/152151/
"Сегодня, 3 января, губернатор Волгоградской области Андрей Бочаров проинспектировал ход реконструкции бывшего кинотеатра «Победа» - будущего Дома детства на улице Краснознаменской в столице региона",Positive,https://riac34.ru/news/152151/
Сегодня губернатор Андрей Бочаров проведет совещание по разработке концепции комплексной десятилетней программы перспективного развития Волгограда,Positive,https://riac34.ru/news/152195/
Сегодня губернатор Андрей Бочаров провел совещание по разработке концепции комплексной 10-летней программы перспективного развития города-героя Волгограда,Positive,https://riac34.ru/news/152197/
Качество работы дорожно-коммунальных служб проинспектировал глава Волгограда Владимир Марченко,Negative,https://riac34.ru/news/152209/
"Андрей Бочаров поздравил православных волгоградцев и церковных владык с Рождеством
",Negative,https://riac34.ru/news/152211/
Губернатор Волгоградской области Андрей Бочаров поздравил всех православных жителей региона со светлым Рождеством Христовым,Negative,https://riac34.ru/news/152211/
"Андрей Бочаров осмотрел территорию детского и семейного отдыха, пообщался с волгоградцами
",Positive,https://riac34.ru/news/152212/
Сегодня губернатор Андрей Бочаров побывал в Центральном парке культуры и отдыха Волгограда,Negative,https://riac34.ru/news/152212/
"Андрей Бочаров прокатился на коньках и снялся на фото с волгоградцами (видео)
",Negative,https://riac34.ru/news/152214/
Сегодня в Волгограде губернатор Андрей Бочаров принял самое активное участие в Рождественских гуляниях,Negative,https://riac34.ru/news/152214/
Такой вывод озвучил на сегодняшнем оперативном совещании губернатор Андрей Бочаров,Negative,https://riac34.ru/news/152237/
"Сегодня, 9 января, губернатор Волгоградской области Андрей Бочаров провёл оперативное совещание, в ходе которого поставил задачи из-за осложнения погодных условий",Positive,https://riac34.ru/news/152265/
Сегодня губернатор Андрей Бочаров начал свой рабочий день в Кировском районе Волгограда,Positive,https://riac34.ru/news/152275/
Сегодня губернатор Андрей Бочаров предпринял рабочую поездку в Калачёвский район Волгоградской области,Negative,https://riac34.ru/news/152328/
"Андрей Бочаров обозначил приоритеты в развитии волгоградского АПК на 10-летку
",Negative,https://riac34.ru/news/152333/
Сегодня в Калачёвском районе Волгоградской области глава региона Андрей Бочаров провёл выездное заседание президиума регионального Совета по вопросам развития сельских территорий и агропромышленного комплекса при губернаторе,Negative,https://riac34.ru/news/152333/
Сегодня губернатор Андрей Бочаров начал свой рабочий день в Иловлинском районе Волгоградской области,Negative,https://riac34.ru/news/152368/
"В церемонии приняли участие заместитель губернатора Анна Писемская, председатель областного комитета Михаил Битюцкий, председатель комитета регпарламента по культуре, делам национальностей и казачества, вопросам общественных объединений, религиозных организаций и информационной политики Татьяна Бухтина, и председатель регионального отделения Союза журналистов РФ Вячеслав Черепахин",Positive,https://riac34.ru/news/152430/
Андрей Бочаров предложил сделать нерабочими дни празднования 80-ой годовщины разгрома советскими войсками немецко-фашистских войск в Сталинградской битве,Negative,https://riac34.ru/news/152471/
Сегодня губернатор Андрей Бочаров поставил задачи по обеспечению безопасности во время проведения февральских юбилейных торжеств,Positive,https://riac34.ru/news/152478/
"Андрей Бочаров: в Волгограде создается филиал инновационного центра
",Positive,https://riac34.ru/news/152490/
В работе приняли участие губернатор Андрей Бочаров и руководитель Поволжского Банка ПАО «Сбербанк России» Александр Анащенко,Positive,https://riac34.ru/news/152490/
В церемонии принял участие губернатор Волгоградской области Андрей Бочаров,Positive,https://riac34.ru/news/152525/
Губернатор Андрей Бочаров сегодня посетил храм Всех Святых на Мамаевом кургане,Negative,https://riac34.ru/news/152594/
